Frequency,dB,Rad,Mag,Fit
4.750156,5.182822704,0.007440227,0.9982891637249413,0.9997876535516139
4.7501585,5.187218666,0.012361191,0.9987945295656872,0.9997604640968913
4.750161,5.144311905,0.016493893,0.9938728271420513,0.9997331428555146
4.7501635,5.241845131,0.012465928,1.0050958464859037,0.999705688775044
4.750166,5.246580601,0.011400884,1.0056439652288935,0.9996781007918899
4.7501685,5.254027367,0.022483906,1.0065065143450311,0.9996503778311565
4.750171,5.244354725,0.013023878,1.0053862884600773,0.9996225188064918
4.7501735,5.256890774,0.013539459,1.0068383759067236,0.9995945226199342
4.750176,5.263273239,0.017719101,1.0075784811258006,0.9995663881617607
4.7501785,5.269655704,0.025222832,1.008319130380294,0.999538114310327
4.750181,5.160789967,0.003927162,0.9957600998487884,0.9995096999318995
4.7501835,5.248768806,0.014450741,1.0058973454187072,0.9994811438805337
4.750186,5.120642185,0.021061266,0.9911681338626583,0.9994524449978484
4.7501885,5.170097828,0.000845449,0.9968277353817397,0.9994236021128985
4.750191,5.153585911,0.005546996,0.9949345612112592,0.9993946140419961
4.7501935,5.21233654,0.002287421,1.0016870259435988,0.9993654795885364
4.750196,5.164652824,0.015674012,0.9962030405810888,0.9993361975428229
4.7501985,5.215147495,0.007185943,1.0020112475182341,0.9993067666818887
4.750201,5.239521027,0.009114113,1.0048269465936723,0.9992771857693152
4.7502035,5.230452061,0.025174712,1.003778350983128,0.9992474535550484
4.750206,5.248214245,0.009823787,1.0058331247512007,0.999217568775199
4.7502085,5.209314346,0.003843161,1.0013385566394342,0.9991875301518977
4.750211,5.196747303,0.005757554,0.9998908332365238,0.9991573363930351
4.7502135,5.230715752,0.013666284,1.0038088246992332,0.9991269861921086
4.750216,5.197591782,0.006357392,0.9999880515866191,0.9990964782280116
4.7502185,5.177279472,0.021398312,0.9976522706423312,0.9990658111648306
4.750221,5.157614708,0.016408633,0.9953961511342996,0.9990349836516379
4.7502235,5.183610916,0.0222272,0.9983797588435356,0.9990039943222809
4.750226,5.230602741,0.015987687,1.003795764355868,0.9989728417951712
4.7502285,5.235181332,0.02250632,1.0043250344701935,0.9989415246730523
4.750231,5.206421852,0.012314603,1.0010051557235946,0.9989100415428258
4.7502335,5.161547661,0.017691402,0.9958469665248845,0.9988783909752593
4.750236,5.137365818,0.020002695,0.9930783469241696,0.9988465715248023
4.7502385,5.171065331,0.019486999,0.9969387761132915,0.9988145817293427
4.750241,5.26307106,0.003096871,1.0075550282790136,0.9987824201099712
4.7502435,5.204084873,0.01557684,1.000735866859706,0.9987500851707398
4.750246,5.208093166,0.01795947,1.001197784799858,0.9987175753984185
4.7502485,5.151313305,0.013332963,0.9946742771674612,0.998684889262246
4.750251,5.248989582,0.008551797,1.005922913417378,0.9986520252136765
4.7502535,5.133074284,0.01257034,0.9925878068647533,0.9986189816861116
4.750256,5.196716309,0.016397483,0.9998872653163124,0.9985857570946848
4.7502585,5.195636749,0.010851084,0.9997629981125162,0.998552349835925
4.750261,5.24786377,0.011912532,1.0057925402783239,0.9985187582875327
4.7502635,5.171791553,0.010648125,0.9970221330484398,0.9984849808080927
4.750266,5.220945835,0.007559523,1.0026803720211885,0.9984510157367927
4.7502685,5.135115147,0.01367792,0.9928210557107381,0.9984168613931389
4.750271,5.169435978,0.00554822,0.9967517816995194,0.9983825160766658
4.7502735,5.294517517,0.011030829,1.01120939887638,0.9983479780666398
4.750276,5.280704021,0.013840784,1.0096025127347414,0.9983132456217463
4.7502785,5.2318964,0.008356188,1.003945278819763,0.9982783169798325
4.750281,5.152751446,0.00568525,0.9948389811125643,0.9982431903575241
4.7502835,5.186272144,0.009893348,0.9986856944864068,0.9982078639499544
4.750286,5.153410435,0.009804636,0.9949144613273314,0.9981723359304311
4.7502885,5.221198559,0.010770266,1.002709546359271,0.9981366044501068
4.750291,5.217738152,0.008498175,1.0023101523767324,0.9981006676376455
4.7502935,5.104846954,0.00623599,0.9893673392414937,0.998064523598881
4.750296,5.151406765,0.012808775,0.9946849799005093,0.9980281704164702
4.7502985,5.131275654,0.007949082,0.9923822880924742,0.997991606149528
4.750301,5.187111855,0.008957471,0.9987822473941417,0.9979548288333194
4.7503035,5.227111816,0.013121907,1.003392412276624,0.9979178364788152
4.750306,5.23287487,0.006116441,1.00405838014962,0.9978806270723709
4.7503085,5.276463032,0.009788048,1.0091096826159334,0.9978431985753355
4.750311,5.124773979,0.008387908,0.991639735151832,0.9978055489236634
4.7503135,5.212852001,0.007056567,1.0017464724641771,0.9977676760275214
4.750316,5.17838335,0.001068715,0.9977790689810818,0.9977295777708882
4.7503185,5.206519127,0.005048925,1.0010163662415532,0.997691252011144
4.750321,5.198246956,0.013936035,1.0000634832244968,0.9976526965786571
4.7503235,5.070599079,0.000199027,0.9854740113893333,0.9976139092763441
4.750326,5.310134411,0.002231579,1.0130291497393145,0.9975748878792938
4.7503285,5.227100849,0.01335725,1.003391145371552,0.9975356301342446
4.750331,5.229706287,0.014719236,1.0036921698674517,0.9974961337591912
4.7503335,5.146087646,0.003549506,0.9940760350133939,0.9974563964429147
4.750336,5.152702332,0.005632214,0.9948333558530209,0.997416415844516
4.7503385,5.249589443,0.015168089,1.0059923864117102,0.9973761895929424
4.750341,5.1558671,-0.003801063,0.9951958967722895,0.9973357152865036
4.7503435,5.225495338,0.012758258,1.0032056944031484,0.9972949904923791
4.750346,5.214875221,0.011866819,1.0019798382618665,0.9972540127461028
4.7503485,5.130896568,0.002135136,0.9923389776155418,0.9972127795511068
4.750351,5.224675179,0.00876739,1.003110971885476,0.9971712883781144
4.7503535,5.149866104,0.004018569,0.9945085631468494,0.9971295366646666
4.750356,5.306246758,0.004301187,1.0125758369814901,0.9970875218145632
4.7503585,5.17971468,0.00373099,0.9979320153195327,0.9970452411973131
4.750361,5.148845196,0.005929108,0.9943916790825357,0.9970026921475681
4.7503635,5.232903004,-0.006269904,1.0040616323466192,0.9969598719645486
4.750366,5.222111225,0.015025735,1.0028149111554594,0.9969167779114592
4.7503685,5.187292576,0.006490691,0.9988030285474652,0.9968734072148736
4.750371,5.133588314,0.011338384,0.992646549840925,0.9968297570641882
4.7503735,5.144179821,0.006639249,0.9938577136987718,0.996785824610907
4.750376,5.1858325,0.005250897,0.9986351464043924,0.9967416069680709
4.7503785,5.186435699,-0.001818651,0.9987044998803757,0.996697101209593
4.750381,5.208455086,0.01042255,1.00123950315764,0.9966523043696013
4.7503835,5.230088234,-0.001247789,1.0037363064680809,0.9966072134417636
4.750386,5.104981899,0.008104576,0.9893827102879008,0.9965618253786028
4.7503885,5.286405087,0.007859836,1.010265392434178,0.9965161370907955
4.750391,5.223855972,0.005644869,1.0030163682451358,0.9964701454464562
4.7503935,5.179448128,0.014157856,0.9979013913185187,0.996423847270393
4.750396,5.139172554,-0.000204538,0.9932849368182634,0.996377239343429
4.7503985,5.187259197,-0.00365818,0.9987991902552902,0.9963303184015421
4.750401,5.181342602,0.009637339,0.9981190667095139,0.9962830811351574
4.7504035,5.14706707,0.001177768,0.9941881337001295,0.9962355241883384
4.750406,5.163047314,0.005801564,0.9960189182630926,0.9961876441579796
4.7504085,5.051375389,-0.008147938,0.9832953631295988,0.9961394375929817
4.750411,5.106225967,-0.002287303,0.9895244283585037,0.9960909009934096
4.7504135,5.196547985,-0.010365654,0.9998678886720908,0.9960420308096329
4.750416,5.203237534,0.002922872,1.0006382463274972,0.9959928234414316
4.7504185,5.207235336,0.009177588,1.0010989100591046,0.9959432752371684
4.750421,5.159355164,-0.009393689,0.9955956260135167,0.99589338249277
4.7504235,5.230698109,-0.004543275,1.0038067857392825,0.9958431414508625
4.750426,5.196139336,-0.000182476,0.9998208485393771,0.9957925482997975
4.7504285,5.168438911,0.004046401,0.9966373695539874,0.9957415991726798
4.750431,5.196565628,0.014920157,0.9998699196312454,0.9956902901463697
4.7504335,5.263627529,-0.001414357,1.0076195802273784,0.9956386172404674
4.750436,5.153092384,0.003553957,0.9948780312367851,0.9955865764162717
4.7504385,5.137932301,-0.006649653,0.9931431163801312,0.9955341635757194
4.750441,5.107213974,0.003543115,0.9896369916891763,0.9954813745602817
4.7504435,5.22880888,0.001178804,1.0035884759583655,0.9954282051499296
4.750446,5.107193947,0.002268084,0.9896347098921456,0.9953746510618898
4.7504485,5.081971645,2.6035e-05,0.9867651524116402,0.995320707949561
4.750451,5.207166195,0.009873337,1.0010909411915347,0.9952663714013107
4.7504535,5.175185204,0.003268667,0.9974117541898422,0.9952116369392688
4.750456,5.223806858,-0.006825165,1.0030106967470294,0.9951565000180876
4.7504585,5.173745155,0.006267427,0.9972464052387884,0.9951009560236792
4.750461,5.197085381,-0.007229561,0.9999297524130296,0.9950450002719228
4.7504635,5.248515606,-0.004290505,1.005868023206906,0.994988628007324
4.750466,5.184049129,0.008122265,0.9984301295072142,0.9949318344017427
4.7504685,5.099505424,0.000709164,0.988759098645593,0.9948746145528912
4.750471,5.080218792,-0.007254678,0.9865660386978629,0.9948169634830029
4.7504735,5.224380493,0.003929892,1.0030769399373647,0.994758876137363
4.750476,5.209392071,-0.003879239,1.0013475170788113,0.9947003473828345
4.7504785,5.167156219,-0.007916159,0.9964902016245976,0.9946413720063426
4.750481,5.047286987,0.005850841,0.9828326401474174,0.994581944713329
4.7504835,5.171940804,0.002829957,0.9970392651828636,0.9945220601261678
4.750486,5.191968441,-5.931e-05,0.9993408577869997,0.9944617127825255
4.7504885,5.162106514,-0.002318862,0.9959110417079787,0.994400897133788
4.750491,5.112998486,-0.010473995,0.9902962763336987,0.9943396075432375
4.7504935,5.090162277,-0.000684487,0.9876960924149183,0.9942778382843996
4.750496,5.115861416,-5.5446e-05,0.9906227387146824,0.9942155835392468
4.7504985,5.096423626,-0.010306331,0.9884083440965089,0.9941528373963792
4.750501,5.172729015,-0.004327863,0.9971297467578943,0.9940895938491616
4.7505035,5.170211792,-0.008546317,0.9968408144359343,0.9940258467938174
4.750506,5.168118954,-0.000920913,0.9966006576864652,0.9939615900274769
4.7505085,5.189771652,-0.000832984,0.9990881417726911,0.9938968172461771
4.750511,5.127079487,-0.006356379,0.9919029824280137,0.9938315220427928
4.7505135,5.083595753,-0.002760533,0.9869496773232453,0.9937656979050317
4.750516,5.143377781,-0.006371747,0.9937659468363093,0.993699338213148
4.7505185,5.116527081,-0.017313488,0.9906986604891644,0.9936324362378351
4.750521,5.135485649,-0.00408229,0.9928634060107638,0.9935649851379483
4.7505235,5.111193657,-0.009458831,0.9900905254165737,0.9934969779581967
4.750526,5.138551235,0.000644635,0.9932138877079213,0.9934284076267754
4.7505285,5.217783928,-0.006265744,1.0023154347222778,0.9933592669529435
4.750531,5.198036671,-0.01240918,1.000039272025334,0.9932895486245354
4.7505335,5.151235104,-0.00190559,0.9946653219336008,0.9932192452053928
4.750536,5.099551678,-0.007033922,0.9887643639882379,0.993148349132851
4.7505385,5.145232201,-0.005163171,0.9939781365211116,0.9930768527149142
4.750541,5.068032742,0.000166918,0.9851828857888779,0.9930047481276111
4.7505435,5.128154278,-0.004597363,0.9920257279848147,0.9929320274121557
4.750546,5.087753773,-0.010895395,0.9874222528542747,0.992858682472063
4.7505485,5.135152817,-0.013134378,0.9928253615045977,0.9927847050701902
4.750551,5.123343468,-0.004399473,0.991476431817175,0.9927100868257016
4.7505535,5.152516842,-0.009160607,0.9948121110897884,0.9926348192109545
4.750556,5.082008362,-0.006851791,0.9867693236749406,0.9925588935483077
4.7505585,5.096312523,-0.004520267,0.9883957012430421,0.9924823010068162
4.750561,5.090785027,-0.009551469,0.9877669095467958,0.9924050325989794
4.7505635,5.148407936,-0.012064491,0.9943416212554761,0.9923270791771271
4.750566,5.118903637,-0.017453669,0.9909697637468899,0.9922484314299885
4.7505685,5.064121723,-0.013966702,0.9847393846842583,0.9921690798790292
4.750571,5.178142071,-0.01088972,0.9977513527882296,0.9920890148747223
4.7505735,5.125968933,-0.005317836,0.9917761685433903,0.9920082265927179
4.750576,5.021827698,-0.017855469,0.9799560684154103,0.9919267050299108
4.7505785,5.118923664,-0.007670159,0.9909720486221493,0.991844440000403
4.750581,5.137520313,-0.012112969,0.9930960108607486,0.9917614211313264
4.7505835,5.161993504,-0.015880957,0.9958980842356472,0.9916776378587046
4.750586,5.127985477,-0.013216921,0.992006449210303,0.9915930794228969
4.7505885,5.0940485,-0.016337088,0.9881381042577555,0.9915077348642262
4.750591,5.041520119,-0.010020867,0.9821803195209405,0.9914215930183286
4.7505935,5.088932514,-0.008924987,0.9875562626243585,0.9913346425114099
4.750596,5.096516132,-0.021770726,0.9884188708465578,0.9912468717553711
4.7505985,5.157840729,-0.015616125,0.9954220533009233,0.9911582689427932
4.750601,5.03950119,-0.019971515,0.9819520502273789,0.9910688220417894
4.7506035,5.191065788,-0.022676039,0.9992370099152466,0.9909785187906748
4.750606,5.054634571,-0.002470252,0.9836643915204137,0.9908873466926511
4.7506085,5.083248615,-0.011917846,0.9869102339380346,0.9907952930100143
4.750611,5.036770821,-0.016727217,0.98164342667827,0.9907023447585259
4.7506135,5.137402058,-0.009406085,0.9930824903378982,0.9906084887014573
4.750616,5.158205032,-0.025698071,0.9954638041013952,0.9905137113434992
4.7506185,5.086749554,-0.01503302,0.9873080986444426,0.9904179989244931
4.750621,5.179616451,-0.011890848,0.9979207297386963,0.9903213374129827
4.7506235,5.210764885,-0.013227741,1.0015057936154539,0.9902237124995792
4.750626,5.15596962,-0.024362348,0.9952076431897214,0.9901251095901297
4.7506285,5.097313881,-0.020895145,0.9885096556031949,0.9900255137986523
4.750631,5.174927235,-0.023180227,0.9973821317213698,0.9899249099402423
4.7506335,5.064903736,-0.020627999,0.9848280472968014,0.9898232825234069
4.750636,5.086369514,-0.012298335,0.9872649011854601,0.9897206157425351
4.7506385,5.131998539,-0.026536455,0.9924648827549702,0.9896168934699596
4.750641,5.150251389,-0.018819384,0.994552678113315,0.9895120992478195
4.7506435,5.14649725,-0.027193661,0.9941229141631507,0.9894062162796741
4.750646,5.110453606,-0.019004484,0.9900061717924177,0.9892992274218667
4.7506485,5.128189564,-0.023553538,0.9920297580487919,0.9891911151746218
4.750651,5.128839493,-0.023880447,0.9921039902872876,0.9890818616728343
4.7506535,5.028316975,-0.024405988,0.9806884726632167,0.988971448676769
4.750656,5.086267948,-0.02130423,0.9872533569493621,0.9888598575620816
4.7506585,4.975898266,-0.017779865,0.9747879120564068,0.9887470693099234
4.750661,5.162228107,-0.01953144,0.9959249834760587,0.9886330644965415
4.7506635,5.037912846,-0.022159063,0.9817725021193756,0.9885178232825902
4.750666,5.093095779,-0.027407721,0.9880297252276711,0.9884013254021083
4.7506685,5.089384079,-0.030626159,0.9876076053715621,0.9882835501511466
4.750671,5.148265839,-0.026698048,0.994325354435207,0.9881644763760344
4.7506735,5.073717117,-0.025634856,0.9858278377827892,0.9880440824612277
4.750676,5.176301479,-0.027852604,0.9975399457049621,0.9879223463169841
4.7506785,5.116132259,-0.035910705,0.9906536287476846,0.9877992453662052
4.750681,5.141911507,-0.013690366,0.9935982023394889,0.9876747565312882
4.7506835,4.977521896,-0.024155435,0.9749701435718043,0.9875488562203314
4.750686,5.077729702,-0.031187418,0.9862833618572948,0.9874215203129295
4.7506885,5.100388527,-0.024638869,0.9888596318727605,0.9872927241455041
4.750691,5.114410877,-0.019950195,0.9904573190513563,0.9871624424961459
4.7506935,5.007888794,-0.02229215,0.9783847199682266,0.9870306495689549
4.750696,5.095359802,-0.020179333,0.9882872939597092,0.9868973189778559
4.7506985,5.043254852,-0.026032974,0.9823764987077386,0.9867624237298221
4.750701,5.156679153,-0.028703762,0.9952889430376577,0.9866259362077736
4.7507035,5.024442196,-0.029691048,0.9802510846921674,0.9864878281524103
4.750706,5.103351593,-0.026976474,0.9891970246219389,0.9863480706439101
4.7507085,5.008654594,-0.026715946,0.9784709840217427,0.9862066340827573
4.750711,5.123001575,-0.03025433,0.9914374062027024,0.9860634881699557
4.7507135,5.106499195,-0.036886267,0.9895555558588759,0.9859186018865577
4.750716,5.135244846,-0.042478497,0.9928358807735544,0.9857719434724758
4.7507185,5.03589344,-0.02947723,0.9815442737038449,0.9856234804045568
4.750721,5.110171318,-0.02962269,0.9899739975036994,0.9854731793738236
4.7507235,5.068832397,-0.031461851,0.9852735895300787,0.9853210062621837
4.750726,4.997601509,-0.032373779,0.977226638880143,0.9851669261177632
4.7507285,5.017743587,-0.034724955,0.9794954007414487,0.9850109031299039
4.750731,4.939041615,-0.033290629,0.9706603785459174,0.9848529006029831
4.7507335,5.062205315,-0.04213879,0.984522141046361,0.9846928809293408
4.750736,5.076240063,-0.032515023,0.9861142277508177,0.9845308055612217
4.7507385,5.102165222,-0.029200848,0.9890619233749428,0.9843666349816861
4.750741,5.010385513,-0.035127544,0.9786659925763264,0.9842003286744507
4.7507435,5.011766911,-0.035095574,0.9788216513299655,0.984031845092611
4.750746,5.121191502,-0.049088983,0.9912308197527063,0.9838611416261376
4.7507485,5.052936554,-0.047023444,0.9834721123553858,0.9836881745684586
4.750751,5.052987099,-0.030146707,0.9834778354009949,0.983512899081168
4.7507535,5.053865433,-0.04469902,0.9835772916149496,0.9833352691580128
4.750756,4.97483778,-0.03832325,0.97466890457731,0.9831552375871974
4.7507585,5.097051144,-0.047173775,0.9884797549085997,0.9829727559123012
4.750761,5.027574062,-0.04553755,0.9806045969649254,0.9827877743916903
4.7507635,4.997845173,-0.041086047,0.9772540532615814,0.9826002419563522
4.750766,5.093167305,-0.037246771,0.9880378614241974,0.9824101061660836
4.7507685,5.067004681,-0.040621009,0.9850662865447938,0.9822173131638869
4.750771,4.996053696,-0.041530582,0.9770525140180665,0.9820218076289131
4.7507735,5.015913486,-0.051859586,0.9792890445989972,0.9818235327268335
4.750776,5.049826622,-0.053394703,0.9831200489466335,0.9816224300589277
4.7507785,5.058456421,-0.040195935,0.9840973057200315,0.9814184396087694
4.750781,5.03187418,-0.038283935,0.9810901844648444,0.9812114996868243
4.7507835,4.986103058,-0.050624878,0.9759338342480655,0.9810015468727885
4.750786,5.030824661,-0.043901994,0.9809716461657337,0.9807885159555638
4.7507885,5.080521107,-0.049844085,0.9866003770229951,0.9805723398707532
4.750791,4.983638287,-0.040476333,0.9756569354788401,0.9803529496354871
4.7507935,5.128301144,-0.047889033,0.9920425018661775,0.980130274280914
4.750796,5.001998901,-0.041673066,0.9777215031654868,0.9799042407810632
4.7507985,4.97592926,-0.04646887,0.9747913904140316,0.9796747739794923
4.750801,4.984109879,-0.051051304,0.9757099092691581,0.979441796512409
4.7508035,4.91583252,-0.051577724,0.9680701916401574,0.9792052287285771
4.750806,5.034610271,-0.045303408,0.9813992805932944,0.9789649886057654
4.7508085,4.967848778,-0.05278652,0.973884963800032,0.9787209916635675
4.750811,4.991894722,-0.059020872,0.9765847941325188,0.97847315087241
4.7508135,5.081426144,-0.063535313,0.9867031824238425,0.9782213765585549
4.750816,5.029983997,-0.064100436,0.9808767074000037,0.9779655763047985
4.7508185,4.9303689,-0.062547313,0.9696916741497175,0.9777056548472055
4.750821,4.993119717,-0.060955163,0.9767225342953879,0.9774415139662753
4.7508235,4.999540806,-0.05978274,0.9774448484530008,0.97717305237412
4.750826,5.00501585,-0.056009836,0.9780611630475251,0.9769001655960371
4.7508285,4.969645977,-0.061583486,0.974086491362817,0.9766227458467479
4.750831,4.965513706,-0.064738758,0.9736231845287634,0.976340681900924
4.7508335,5.018558979,-0.055900251,0.9795873556517855,0.9760538589576937
4.750836,4.879767418,-0.060320711,0.9640589540176036,0.9757621584988084
4.7508385,4.993803978,-0.061275608,0.9767994820222999,0.9754654581400175
4.750841,5.036368847,-0.06247684,0.9815979982857103,0.9751636314759193
4.7508435,5.01162672,-0.064580292,0.9788058531924738,0.974856547916325
4.750846,4.998818398,-0.065648111,0.9773635574575514,0.9745440725158163
4.7508485,5.077479839,-0.064939269,0.9862549903046508,0.9742260657945009
4.750851,4.963188648,-0.070858386,0.9733625978168242,0.973902383550113
4.7508535,4.949563503,-0.060942534,0.9718369268005839,0.9735728766608727
4.750856,4.959514618,-0.073137328,0.9729509638560935,0.9732373908785661
4.7508585,4.956914425,-0.063739794,0.9726597465183846,0.9728957666112966
4.750861,4.874805927,-0.069963414,0.9635084284894957,0.972547838695302
4.7508635,4.891351223,-0.079105721,0.9653455143324482,0.972193436155076
4.750866,4.977363586,-0.07625926,0.9749523738184123,0.9718323819518785
4.7508685,4.966614723,-0.06712488,0.9737466081119227,0.9714644927180147
4.750871,4.949772358,-0.088253805,0.9718602952118922,0.9710895784786284
4.7508735,5.018226624,-0.077008557,0.9795498736504652,0.9707074423583038
4.750876,4.895922184,-0.081628184,0.9658536623912048,0.9703178802723461
4.7508785,4.904102325,-0.073158708,0.9667637062707027,0.9699206806016765
4.750881,4.87157774,-0.087707158,0.9631503986752301,0.9695156238503326
4.7508835,4.819083214,-0.08784446,0.9573470038493803,0.9691024822845037
4.750886,4.95993948,-0.074626501,0.9729985559876531,0.9686810195517936
4.7508885,4.831576347,-0.096376363,0.9587249708100279,0.9682509902803887
4.750891,4.924438477,-0.088147611,0.9690298284078414,0.9678121396545518
4.7508935,4.882352829,-0.078262989,0.9643459550868891,0.9673642029680247
4.750896,4.902643204,-0.080611681,0.9666013156800374,0.966906905151586
4.7508985,4.834292412,-0.089648843,0.9590248095848621,0.9664399602740226
4.750901,4.865093708,-0.087913844,0.9624316734947922,0.965963071014627
4.7509035,4.82119751,-0.091888171,0.9575800670585063,0.9654759281053349
4.750906,4.898204327,-0.09220914,0.9661074654973136,0.9649782097404946
4.7509085,4.830289364,-0.101170277,0.9585829276360197,0.9644695809519138
4.750911,4.745622635,-0.089820426,0.9492844207771316,0.9639496929479359
4.7509135,4.807549953,-0.109269566,0.9560766669998054,0.9634181824113263
4.750916,4.910365105,-0.100631986,0.9674610224885423,0.9628746707568677
4.7509185,4.918048382,-0.107973647,0.968317188054311,0.962318763343052
4.750921,4.740122318,-0.097041446,0.9486834791815237,0.961750048635797
4.7509235,4.87911129,-0.093397525,0.9639861322101406,0.961168097320623
4.750926,4.780084133,-0.103986354,0.9530582133081851,0.9605724613596193
4.7509285,4.855715275,-0.107766611,0.9613930660278363,0.9599626729892445
4.750931,4.942846298,-0.10709492,0.9710856503543441,0.9593382436546848
4.7509335,4.891424179,-0.103264546,0.965353622660559,0.9586986628759072
4.750936,4.776715755,-0.094543958,0.9526886900854642,0.9580433970417765
4.7509385,4.864285469,-0.108471109,0.9623421215138781,0.957371888123381
4.750941,4.776261806,-0.124371088,0.952638901198512,0.9566835523052354
4.7509435,4.845476627,-0.122143869,0.9602604743924391,0.9559777785245829
4.750946,4.776207447,-0.122526899,0.952632939306507,0.9552539269132222
4.7509485,4.853860378,-0.112196297,0.9611877796623645,0.95451132713412
4.750951,4.782493114,-0.123011744,0.9533225751214258,0.9537492766046297
4.7509535,4.852879047,-0.129819482,0.9610791908910884,0.9529670385974269
4.750956,4.673660278,-0.134194923,0.9414521154517472,0.9521638402091989
4.7509585,4.704412937,-0.127738131,0.9447912632672886,0.9513388701882692
4.750961,4.778537273,-0.11416816,0.952888499390149,0.9504912766053784
4.7509635,4.666293621,-0.136161118,0.940653991720282,0.9496201643607897
4.750966,4.712440491,-0.127612413,0.9456648489376984,0.9487245925097793
4.7509685,4.662034035,-0.13917798,0.9401928053100205,0.9478035713932658
4.750971,4.766335487,-0.131349086,0.9515508380570925,0.9468560595569576
4.7509735,4.671518326,-0.145992211,0.9412199807246583,0.9458809604411413
4.750976,4.691870689,-0.142947568,0.9434279884039941,0.9448771188215324
4.7509785,4.687009811,-0.142648828,0.9429001662021085,0.9438433169793694
4.750981,4.700285912,-0.155320981,0.9443424605375348,0.9427782705794475
4.7509835,4.582478046,-0.14793502,0.9316206878393042,0.9416806242247296
4.750986,4.654419422,-0.165433636,0.9393689326312401,0.9405489466665172
4.7509885,4.653128147,-0.15852518,0.9392292931112508,0.9393817256335114
4.750991,4.705472946,-0.157966565,0.9449065707828314,0.9381773622476286
4.7509935,4.568125725,-0.161492807,0.9300825749994618,0.93693416498843
4.750996,4.651389599,-0.160129085,0.9390413179158806,0.9356503431645096
4.7509985,4.588663578,-0.155557553,0.9322843644653704,0.9343239998459149
4.751001,4.600316525,-0.170636038,0.9335359519770642,0.9329531242068815
4.7510035,4.49183321,-0.167275012,0.9219489674066225,0.9315355832223523
4.751006,4.491867542,-0.175569011,0.9219526115255121,0.9300691126593728
4.7510085,4.545863628,-0.162717495,0.9277018083060524,0.9285513072872169
4.751011,4.48796463,-0.172436202,0.9215384349986322,0.9269796102403671
4.7510135,4.494495392,-0.175848593,0.9222315834904948,0.9253513014426686
4.751016,4.506875515,-0.18016611,0.9235469905968267,0.9236634850022611
4.7510185,4.504483223,-0.193294329,0.9232926597293547,0.9219130754731192
4.751021,4.433346272,-0.195722932,0.9157618250670575,0.9200967828680083
4.7510235,4.371408463,-0.199316802,0.9092548889683681,0.9182110962947685
4.751026,4.46043396,-0.201841262,0.9186221642478414,0.9162522660726926
4.7510285,4.373216152,-0.198414722,0.909444140867464,0.9142162841745263
4.751031,4.430363655,-0.21407143,0.9154474188291635,0.9120988628067526
4.7510335,4.308521748,-0.20430129,0.9026955658107917,0.9098954109449242
4.751036,4.324077606,-0.21627676,0.9043136828336056,0.907601008593742
4.7510385,4.242150307,-0.23659871,0.8958240900395684,0.9052103785305354
4.751041,4.372019768,-0.217317307,0.9093188837510559,0.902717855257375
4.7510435,4.367437363,-0.237493199,0.908839281935746,0.9001173508556811
4.751046,4.214912891,-0.238255895,0.8930193437861684,0.8974023174012952
4.7510485,4.178210258,-0.252874203,0.889253810094947,0.8945657055578341
4.751051,4.187258244,-0.257736053,0.8901806176532504,0.8915999189202283
4.7510535,4.142439842,-0.268402313,0.8855991965030642,0.8884967636377988
4.751056,3.973882198,-0.262682592,0.8685790132124653,0.8852473927682223
4.7510585,4.083117008,-0.274167358,0.8795713446470905,0.8818422447888831
4.751061,4.118675709,-0.266313862,0.8831795556231535,0.8782709755869776
4.7510635,4.018895149,-0.28416062,0.8730919403334129,0.8745223831962902
4.751066,3.99470067,-0.28509519,0.870663333430063,0.8705843244587452
4.7510685,3.938029528,-0.283467965,0.8650011764679024,0.8664436227000467
4.751071,3.909090757,-0.283189298,0.862124048319955,0.8620859654118813
4.7510735,3.853508949,-0.312161195,0.8566248508107471,0.8574957908283048
4.751076,3.815864563,-0.293318399,0.8529202978283416,0.8526561621874074
4.7510785,3.679880142,-0.327593815,0.8396711445592209,0.8475486283238106
4.751081,3.630009651,-0.325206857,0.8348639422434795,0.8421530691846859
4.7510835,3.69801259,-0.329207757,0.8414258521410398,0.8364475247011217
4.751086,3.486311913,-0.371593663,0.8211657316592863,0.8304080053903081
4.7510885,3.460138321,-0.364335584,0.8186949995278873,0.8240082829875366
4.751091,3.296390057,-0.362316342,0.8034053595267637,0.8172196593837705
4.7510935,3.236951351,-0.396137789,0.7979263173511115,0.8100107121818398
4.751096,3.34322691,-0.389895738,0.8077492570567826,0.8023470153105214
4.7510985,3.220498562,-0.396764197,0.7964163180175187,0.7941908334164401
4.751101,3.055922985,-0.399410447,0.7814683095130033,0.7855007891436184
4.7511035,2.816928148,-0.435316617,0.7602591034292784,0.7762315032133853
4.751106,2.878804207,-0.435247607,0.7656943316798346,0.7663332081859603
4.7511085,2.745874882,-0.451498583,0.7540653167069049,0.7557513383880251
4.751111,2.631756783,-0.468912494,0.7442229541580327,0.7444261006673866
4.7511135,2.529765368,-0.497694241,0.7355352488563586,0.7322920336960156
4.751116,2.296371937,-0.506123545,0.7160342866290829,0.7192775677339854
4.7511185,2.213083029,-0.496806343,0.7092010553392618,0.7053046024323772
4.751121,2.086207867,-0.506497553,0.6989170176892213,0.6902881278077864
4.7511235,1.754208207,-0.537316319,0.6727065124422658,0.6741359235221401
4.751126,1.513335586,-0.554564481,0.6543076545942511,0.6567483844544005
4.7511285,1.385084629,-0.58072458,0.6447174917923603,0.6380185374033793
4.751131,1.136266828,-0.593440175,0.6265108017782148,0.6178323347298761
4.7511335,0.684825659,-0.621439053,0.5947802028646799,0.5960693374081982
4.751136,0.366806924,-0.669270558,0.5733972000794386,0.5726039329907392
4.7511385,-0.115117803,-0.667411871,0.5424495229357953,0.547307275230732
4.751141,-0.621323943,-0.714530581,0.5117395991284326,0.5200501845679487
4.7511435,-0.371038169,-0.735587597,0.5266999938530905,0.4907073191276139
4.751146,-1.141986728,-0.709419842,0.48196542631828976,0.459163030751295
4.7511485,-1.899792194,-0.767390667,0.4416981823089777,0.4253195002393174
4.751151,-3.186331749,-0.774999518,0.3808891787270818,0.38910810519819206
4.7511535,-3.398006916,-0.79487702,0.37171909911519874,0.35050578477035477
4.751156,-4.94184351,-0.798723556,0.3111881467597412,0.3095601884259625
4.7511585,-7.195710182,-0.810551454,0.24006547838442718,0.26643291149913684
4.751161,-8.047382355,-0.833906244,0.21764370179020506,0.22148677187133514
4.7511635,-10.051916122,-0.791842081,0.17279032267008887,0.17550021573003294
4.751166,-12.77102375,-0.716294859,0.12634673811178285,0.13031991175672075
4.7511685,-15.001348495,-0.56755871,0.09773447783139137,0.09124751691800306
4.751171,-17.628234863,0.315301495,0.07222764895410758,0.07384364802136094
4.7511735,-15.463711739,0.981359748,0.09266796688279343,0.09400402139029058
4.751176,-12.153008461,1.180545755,0.13566405646800728,0.13693545530125104
4.7511785,-9.847571373,1.278853551,0.17690359273631912,0.18770977170206699
4.751181,-6.761891842,1.310341969,0.2523600644447586,0.24098679140673837
4.7511835,-5.574690819,1.27851493,0.28932148183926965,0.2946401909870766
4.751186,-4.328757286,1.288813107,0.3339468547381288,0.3475308437941619
4.7511885,-2.706577778,1.254976714,0.40251895158351436,0.3989135098589788
4.751191,-1.77603972,1.22825096,0.4480363347462123,0.44825696036287627
4.7511935,-0.628425479,1.165359079,0.5113213746152704,0.4951801172566237
4.751196,0.034059245,1.145642899,0.5518463621804698,0.5394235850737412
4.7511985,0.851553738,1.105293611,0.6063074555560991,0.5808316693512345
4.751201,1.023213863,1.071370732,0.618409161529989,0.6193368808127383
4.7512035,1.581740618,1.031067051,0.6594809465977068,0.6549447540461523
4.751206,2.134870768,0.967047521,0.7028437061313956,0.6877188943607833
4.7512085,2.288132906,0.981741579,0.7153554118272015,0.7177667998876656
4.751211,2.547956705,0.943780548,0.7370773351082908,0.7452270447922248
4.7512135,2.905763388,0.896660506,0.7680745783895527,0.7702582270459192
4.751216,3.168367386,0.896062027,0.791650683448727,0.7930298558440976
4.7512185,3.36420393,0.838419504,0.8097023845058229,0.8137151582315796
4.751221,3.548733473,0.809528667,0.8270883343837906,0.8324856478642509
4.7512235,3.542405128,0.80416,0.8264859557809968,0.84950722230781
4.751226,3.995634794,0.770864428,0.8707569739533386,0.8649375261100369
4.7512285,3.948683262,0.74441531,0.8660628001817978,0.8789243211533665
4.751231,4.218441963,0.703822144,0.8933822507550584,0.8916046298240208
4.7512335,4.324826241,0.709657529,0.9043916287986453,0.9031044501086268
4.751236,4.411220551,0.669438737,0.9134320572886496,0.9135388777993613
4.7512385,4.324264526,0.662542414,0.9043331438375393,0.9230125052784529
4.751241,4.624713421,0.645676415,0.936161750387334,0.9316199966062116
4.7512435,4.750498772,0.614788274,0.9498174853919327,0.9394467641222959
4.751246,4.797953606,0.601478261,0.9550209574033587,0.9465696921992443
4.7512485,4.762891293,0.592513528,0.9511735967916973,0.9530578700219055
4.751251,4.826642036,0.573299886,0.9581804895974515,0.9589733075176109
4.7512535,4.913933277,0.552677765,0.9678585380717283,0.9643716177952424
4.751256,4.958507538,0.55069584,0.9728381622092538,0.9693026561790051
4.7512585,5.035999298,0.533208926,0.9815562362029345,0.9738111107310574
4.751261,4.994904518,0.528821967,0.9769232546067611,0.9779370425057607
4.7512635,5.067740917,0.516668099,0.9851497865695684,0.9817163760256518
4.751266,5.03504467,0.507013141,0.9814483635939506,0.9851813419578529
4.7512685,4.993820667,0.483658583,0.9768013588389411,0.9883608748018856
4.751271,5.130449295,0.484815294,0.9922878792223471,0.9912809689281146
4.7512735,5.086202621,0.486364088,0.9872459317965908,0.993964996470543
4.751276,5.084494114,0.471702255,0.9870517604706242,0.9964339905953354
4.7512785,5.133677006,0.463898261,0.992656685850126,0.9987068975498196
4.751281,5.158596516,0.436591905,0.9955086719215698,1.000800800706986
4.7512835,5.245090961,0.426204644,1.0054715109279875,1.0027311195900621
4.751286,5.200256348,0.429525307,1.0002948644767673,1.0045117866075397
4.7512885,5.205608368,0.419281591,1.0009114101683114,1.0061554039904916
4.751291,5.181285381,0.40343202,0.9981124913113255,1.007673383154385
4.7512935,5.303964615,0.403505091,1.0123098263131383,1.0090760684988014
4.751296,5.230967045,0.393758887,1.0038378664889032,1.0103728474273577
4.7512985,5.222696781,0.383314635,1.0028825178262908,1.0115722481765368
4.751301,5.324881554,0.37297095,1.0147505594858715,1.0126820268613008
4.7513035,5.243296623,0.381332044,1.0052638212754577,1.0137092449831737
4.751306,5.338769436,0.364045632,1.0163743434703265,1.0146603385013724
4.7513085,5.363471031,0.363881814,1.0192689002270885,1.0155411794386255
4.751311,5.311275959,0.358414345,1.013162296422385,1.0163571308765265
4.7513135,5.379302979,0.352571336,1.0211284366095832,1.017113096100259
4.751316,5.373980522,0.344088602,1.0205029108908772,1.0178135625520985
4.7513185,5.340343952,0.346509316,1.0165586012477679,1.0184626411851427
4.751321,5.360452652,0.335289817,1.018914762023708,1.0190641017325692
4.7513235,5.329981327,0.338361641,1.0153465280307348,1.019621404348851
4.751326,5.366001129,0.331459226,1.0195658445752571,1.0201377280253052
4.7513285,5.492446899,0.328537006,1.034516845067858,1.0206159961351646
4.751331,5.413374424,0.317270836,1.025141801814041,1.021058899422011
4.7513335,5.259303093,0.310724287,1.007118042440859,1.0214689167079165
4.751336,5.341834068,0.32051976,1.016733012878913,1.0218483335688395
4.7513385,5.340484619,0.329710528,1.0165750644326148,1.0221992591912101
4.751341,5.38490057,0.31002777,1.0217867113244699,1.0225236416043852
4.7513435,5.511985302,0.29906337,1.0368465497606834,1.0228232814585232
4.751346,5.338522434,0.28992683,1.01634544108536,1.0230998444993538
4.7513485,5.338266373,0.297870507,1.0163154795494869,1.0233548728742645
4.751351,5.427569866,0.301122759,1.0268185717938687,1.0235897953891957
4.7513535,5.311862469,0.278916539,1.0132307119683122,1.023805936822701
4.751356,5.37969923,0.286494481,1.0211750216354822,1.0240045263919726
4.7513585,5.453280926,0.285531948,1.0298625555109633,1.0241867054548808
4.751361,5.293481827,0.275046467,1.0110888312581645,1.0243535345244597
4.7513635,5.376708031,0.271479729,1.0208234155319391,1.0245059996617634
4.751366,5.364690781,0.271647192,1.0194120450966753,1.0246450183083915
4.7513685,5.45784235,0.270909013,1.0304035333128676,1.0247714446121363
4.751371,5.406944752,0.27118773,1.0243832282167324,1.02488607429412
4.7513735,5.365829468,0.269970832,1.0195456948876287,1.0249896491007198
4.751376,5.368839741,0.262110928,1.0198991005718552,1.0250828608791478
4.7513785,5.435387135,0.270985579,1.0277431207469885,1.0251663553116388
4.751381,5.389607906,0.257505839,1.022340620845817,1.0252407353394766
4.7513835,5.388685703,0.269268689,1.0222320821032602,1.025306564305562
4.751386,5.496026516,0.265000374,1.0349432766043034,1.0253643688404
4.7513885,5.403030396,0.256297047,1.02392168686446,1.0254146415149235
4.751391,5.402148247,0.248387242,1.0238177014739358,1.0254578432806989
4.7513935,5.415147305,0.256640013,1.025351065342803,1.0254944057162694
4.751396,5.389026165,0.23598089,1.0222721514588058,1.025524733096566
4.7513985,5.42075491,0.242375772,1.0260132450874107,1.0255492043007142
4.751401,5.32847929,0.233245324,1.0151709609606303,1.0255681745721086
4.7514035,5.421053886,0.231248985,1.0260485619781572,1.025581977143315
4.751406,5.473983288,0.233329646,1.032320106409355,1.0255909247372912
4.7514085,5.425880432,0.231467764,1.026618871638362,1.0255953109551703
4.751411,5.419834614,0.23172917,1.0259045416725388,1.025595411560121
4.7514135,5.394545078,0.221343025,1.0229218976630414,1.0255914856658093
4.751416,5.485609055,0.235858634,1.0337027567675217,1.0255837768372649
4.7514185,5.416985512,0.22336716,1.0255680847893556,1.025572514111252
4.751421,5.398400784,0.223598056,1.0233760781547558,1.0255579129426178
4.7514235,5.432385921,0.223935346,1.0273880685478014,1.0255401760825298
4.751426,5.478001118,0.226413417,1.0327977369470642,1.0255194943939754
4.7514285,5.42945528,0.225140459,1.0270414837032316,1.0254960476095103
4.751431,5.378792763,0.215372384,1.0210684564824388,1.0254700050356325
4.7514335,5.431453705,0.224849592,1.0272778096978545,1.0254415262080598
4.751436,5.509567738,0.217947827,1.0365580019907794,1.025410761501578
4.7514385,5.32984972,0.217348866,1.0153311438037018,1.0253778526979462
4.751441,5.417429447,0.21122005,1.0256205028169487,1.0253429335150426
4.7514435,5.456065178,0.213071829,1.0301927296921831,1.0253061301001387
4.751446,5.420525074,0.21068552,1.025986096266723,1.025267561489992
4.7514485,5.41063118,0.216728832,1.024818084823218,1.025227340040178
4.751451,5.370547295,0.209627396,1.020099621653291,1.025185571826019
4.7514535,5.466648102,0.206426443,1.0314486857672138,1.0251423570169593
4.751456,5.386854172,0.206378057,1.0220165541095212,1.0250977902265883
4.7514585,5.355414391,0.204219215,1.0183239106376052,1.0250519608398518
4.751461,5.360972404,0.204851649,1.018975734342324,1.0250049533191647
4.7514635,5.359921455,0.199096542,1.0188524508572674,1.024956847490901
4.751466,5.336773872,0.198224689,1.0161408605272015,1.0249077188136426
4.7514685,5.417889118,0.202936787,1.0256747817102922,1.0248576386294606
4.751471,5.390892029,0.198257945,1.0224917749828866,1.0248066743994058
4.7514735,5.404453278,0.188844886,1.0240894346873985,1.0247548899242773
4.751476,5.438462734,0.194859902,1.0281071002056923,1.024702345551787
4.7514785,5.429158211,0.193409844,1.0270063581165796,1.0246490983707737
4.751481,5.448820114,0.195273124,1.029333784830802,1.024595202393694
4.7514835,5.41916275,0.189844304,1.02582518979259,1.0245407087279201
4.751486,5.438970566,0.20234395,1.0281672116012734,1.024485665736687
4.7514885,5.455886841,0.19562601,1.0301715781921714,1.0244301191903602
4.751491,5.429425716,0.183495561,1.0270379879873042,1.0243741124086594
4.7514935,5.437707424,0.191486875,1.0280177016703758,1.0243176863944354
4.751496,5.323695183,0.180545677,1.0146119682218826,1.0242608799595156
4.7514985,5.333259106,0.186261636,1.0157297598816057,1.0242037298432654
4.751501,5.399982929,0.186254063,1.0235625042878012,1.024146270824024
4.7515035,5.401976109,0.178647243,1.0237974115332964,1.024088535824265
4.751506,5.419347763,0.188659513,1.0258470405211941,1.0240305560095917
4.7515085,5.464563847,0.185053493,1.0312012103491657,1.0239723608820643
4.751511,5.471557617,0.173426132,1.0320318550693734,1.0239139783681974
4.7515135,5.426040649,0.170025409,1.0266378084795618,1.0238554349019646
4.751516,5.449886799,0.178883981,1.0294602016258678,1.0237967555031087
4.7515185,5.370116711,0.183246772,1.0200490536968896,1.023737963851033
4.751521,5.405708313,0.177602118,1.0242374173347366,1.0236790823546684
4.7515235,5.370876312,0.1781476,1.020138263230381,1.0236201322182477
4.751526,5.319411278,0.173179973,1.0141116821501375,1.023561133503646
4.7515285,5.399957657,0.184598259,1.0235595261894077,1.0235021051891886
4.751531,5.319870472,0.174877322,1.0141652962678285,1.0234430652252593
4.7515335,5.424157143,0.178688622,1.0264152096541133,1.0233840305868784
4.751536,5.270142078,0.174633077,1.0083755936742302,1.0233250173234287
4.7515385,5.372122765,0.177910513,1.0202846668449832,1.0232660406057001
4.751541,5.398606777,0.168482639,1.02340034864598,1.023207114770405
4.7515435,5.360829353,0.169894381,1.018958952607404,1.0231482533622949
4.751546,5.344929218,0.165328208,1.0170953824319147,1.0230894691741417
4.7515485,5.423065186,0.166272449,1.0262861807496135,1.023030774284391
4.751551,5.417550087,0.162167602,1.0256347479572718,1.022972180093039
4.7515535,5.445146084,0.167196849,1.0288984807172945,1.0229136973555213
4.751556,5.475701332,0.17396444,1.0325243165540874,1.0228553362148547
4.7515585,5.401647091,0.166050358,1.0237586312343248,1.0227971062321037
4.751561,5.382604122,0.164864652,1.0215165985342138,1.0227390164152694
4.7515635,5.367063046,0.1623841,1.0196905019833815,1.022681075246689
4.751566,5.381604195,0.166079519,1.021399007443606,1.0226232907090056
4.7515685,5.343779087,0.157113771,1.0169607139600445,1.022565670309912
4.751571,5.358863354,0.171920414,1.0187283434622152,1.0225082211054324
4.7515735,5.352349281,0.163286862,1.0179646239930766,1.0224509497222212
4.751576,5.320842266,0.166027188,1.0142787693749256,1.0223938623786348
4.7515785,5.433797836,0.145854908,1.0275550868487333,1.0223369649047642
4.751581,5.414479256,0.167875239,1.0252722065912763,1.0222802627614613
4.7515835,5.400610924,0.155209245,1.0236365111425223,1.022223761058412
4.751586,5.389978886,0.15676498,1.0223842866116546,1.0221674645713126
4.7515885,5.32338047,0.153023455,1.0145752067840823,1.0221113777581736
4.751591,5.351336479,0.157592208,1.017845933042157,1.0220555047749111
4.7515935,5.415780544,0.156878448,1.0254258206043836,1.0219998494899822
4.751596,5.40966177,0.152068263,1.024703713871732,1.0219444154984885
4.7515985,5.35985899,0.158779828,1.0188451237564002,1.021889206135497
4.751601,5.279760361,0.158014602,1.0094928325758243,1.021834224488729
4.7516035,5.352527142,0.154876017,1.0179854690725432,1.0217794734106331
4.751606,5.339601994,0.143904525,1.016471769431471,1.021724955529869
4.7516085,5.30670929,0.155912369,1.012629759057038,1.0216706732622434
4.751611,5.342799187,0.150553789,1.0168459918491295,1.0216166288211104
4.7516135,5.379806995,0.146701943,1.0211876913346687,1.0215628242272616
4.751616,5.456649303,0.136458901,1.0302620123549784,1.0215092613184302
4.7516185,5.303721428,0.149515756,1.0122814841220966,1.0214559417581568
4.751621,5.336397648,0.146591705,1.0160968479601888,1.0214028670444184
4.7516235,5.32679081,0.139355871,1.0149736375612002,1.0213500385177559
4.751626,5.415966511,0.158477709,1.0254477754544862,1.0212974573690325
4.7516285,5.344985008,0.153410729,1.0171019153186984,1.0212451246468277
4.751631,5.427911758,0.153638945,1.026858989986945,1.0211930412644812
4.7516335,5.428693295,0.159602895,1.026951388628171,1.0211412080068047
4.751636,5.368831158,0.146208359,1.0198980927545769,1.0210896255364639
4.7516385,5.381803989,0.156517206,1.0214225020709646,1.0210382944001477
4.751641,5.397731304,0.153044128,1.023297202709379,1.0209872150342723
4.7516435,5.373043537,0.148675545,1.0203928307048358,1.0209363877705973
4.751646,5.299546719,0.138162733,1.0117950670258518,1.0208858128414904
4.7516485,5.419481754,0.144180279,1.0258628656510016,1.0208354903849657
4.751651,5.388627052,0.143139283,1.0222251795597184,1.0207854204494908
4.7516535,5.351130486,0.147568968,1.0178217942768946,1.0207356029985668
4.751656,5.37464571,0.141909718,1.0205810666483621,1.0206860379151004
4.7516585,5.464640617,0.147298807,1.0312103246333748,1.020636725005573
4.751661,5.416320324,0.139434634,1.0254895471276857,1.020587664003999
4.7516635,5.411763668,0.142817723,1.024951711877611,1.0205388545757925
4.751666,5.358530998,0.140022352,1.018689363689986,1.0204902963212776
4.7516685,5.479759216,0.133253995,1.033006805158428,1.020441988779217
4.751671,5.317831039,0.146270711,1.0139271998311394,1.0203939314300856
4.7516735,5.375872135,0.140490836,1.0207251802115067,1.0203461236992166
4.751676,5.29241991,0.141626341,1.0109652254063468,1.0202985649598013
4.7516785,5.317759514,0.13942662,1.0139188505603798,1.0202512545357532
4.751681,5.393561363,0.133403873,1.0228060538431496,1.0202041917044395
4.7516835,5.382876873,0.140077546,1.0215486763132298,1.020157375699274
4.751686,5.303526402,0.147547513,1.0122587554206512,1.020110805712268
4.7516885,5.322110653,0.140681917,1.0144268937463246,1.0200644808963113
4.751691,5.395750999,0.143584447,1.023063926710736,1.0200184003675012
4.7516935,5.363213539,0.138400837,1.0192386845890329,1.0199725632072916
4.751696,5.35494566,0.129050911,1.018268958626254,1.0199269684645569
4.7516985,5.370221615,0.138815208,1.0200613734334487,1.0198816151575634
4.751701,5.321078777,0.136579393,1.014306387887484,1.0198365022758504
4.7517035,5.311266422,0.135066509,1.0131611839832546,1.0197916287820232
4.751706,5.437269211,0.140565704,1.0279658383177224,1.019746993613454
4.7517085,5.453332424,0.144389437,1.0298686615083128,1.019702595683977
4.751711,5.262560844,0.137681558,1.0074958454411507,1.0196584338853547
4.7517135,5.385088921,0.130730525,1.0218088687134719,1.0196145070888314
4.751716,5.348812103,0.12586974,1.0175501599420165,1.0195708141465356
4.7517185,5.37085104,0.134548491,1.0201352950949616,1.019527353892838
4.751721,5.329649925,0.136442082,1.0153077891720808,1.0194841251456452
4.7517235,5.335110188,0.129686033,1.0159462488673114,1.019441126707631
4.751726,5.400954247,0.13009095,1.0236769727323203,1.0193983573674164
4.7517285,5.46125412,0.140150251,1.030808349691425,1.019355815900691
4.751731,5.353299141,0.131878389,1.0180759513055058,1.0193135010712704
4.7517335,5.266269207,0.141149369,1.0079260786291437,1.0192714116321768
4.751736,5.330421448,0.134404589,1.0153979777578028,1.0192295463265235
4.7517385,5.439997196,0.132548124,1.0282887431577605,1.0191879038885046
4.751741,5.268027782,0.134309006,1.0081301674587622,1.0191464830442638
4.7517435,5.379860878,0.143177249,1.0211940263019936,1.0191052825127407
4.751746,5.45607996,0.132824435,1.0301944829175316,1.0190643010064735
4.7517485,5.300489426,0.13223879,1.0119048862953521,1.019023537232368
4.751751,5.38645792,0.131776407,1.0219699305760586,1.0189829898924256
4.7517535,5.378198147,0.127720537,1.02099855888009,1.018942657684427
4.751756,5.213881016,0.13022375,1.0018651561283438,1.018902539302651
4.7517585,5.391104221,0.125670019,1.0225167542577736,1.018862633438421
4.751761,5.34883976,0.136671846,1.0175533999589577,1.018822938780762
4.7517635,5.393670082,0.131022308,1.0228188561180949,1.0187834540169582
4.751766,5.368851185,0.129646394,1.0199004443297754,1.0187441778330986
4.7517685,5.392121315,0.122947303,1.0226364951929798,1.018705108914594
4.751771,5.360929012,0.131870791,1.0189706438695614,1.0186662459466673
4.7517735,5.392963886,0.133548474,1.0227357004193118,1.0186275876148256
4.751776,5.437619686,0.122322235,1.0280073174995743,1.018589132605288
4.7517785,5.348010063,0.131793101,1.0174562054611194,1.0185508796054645
4.751781,5.440351963,0.117762345,1.028330743502902,1.018512827304275
4.7517835,5.362249851,0.12557814,1.0191256076741788,1.018474974392585
4.751786,5.390193462,0.13061814,1.022409543879432,1.0184373195635532
4.7517885,5.406132221,0.116957937,1.024287405654683,1.0183998615129761
4.751791,5.465513706,0.128926816,1.0313139851310675,1.0183625989396112
4.7517935,5.416550159,0.1358583,1.0255166826910214,1.0183255305454868
4.751796,5.357690334,0.129978423,1.0185907745908727,1.0182886550361925
4.7517985,5.285863876,0.11454389,1.0102024455476601,1.0182519711211566
4.751801,5.284132957,0.123720894,1.010001153053349,1.018215477513894
4.7518035,5.322408199,0.130240095,1.014461644802013,1.018179172932305
4.751806,5.263804913,0.131413285,1.0076401581329422,1.018143056098832
4.7518085,5.340611458,0.125691949,1.0165899094642041,1.0181071257407293
4.751811,5.438764095,0.130498231,1.0281427714807914,1.018071380590261
4.7518135,5.287249088,0.125327887,1.0103635638898083,1.0180358193848948
4.751816,5.419783115,0.119575633,1.0258984590599833,1.0180004408674874
4.7518185,5.321846962,0.127015249,1.0143960976859505,1.017965243786458
4.751821,5.31428194,0.131763457,1.0135129886135732,1.0179302268959503
4.7518235,5.385575294,0.129162256,1.021866087280627,1.0178953889559743
4.751826,5.334556103,0.120458729,1.015881442307892,1.0178607287325987
4.7518285,5.394964695,0.11458164,1.0229713164104821,1.0178262449980118
4.751831,5.386340618,0.125669945,1.0219561290758878,1.0177919365306944
4.7518335,5.363171577,0.123443492,1.0192337606040232,1.0177578021155274
4.751836,5.224185467,0.119590555,1.0030544179050525,1.0177238405438984
4.7518385,5.330325603,0.11777016,1.015386773346247,1.0176900506138054
4.751841,5.365166187,0.119598462,1.0194678422442254,1.017656431129948
4.7518435,5.316444397,0.125358255,1.0137653463101557,1.0176229809038182
4.751846,5.364963055,0.121404576,1.0194440008038121,1.017589698753778
4.7518485,5.380849361,0.119125409,1.0213102481764762,1.0175565835051223
4.751851,5.399944782,0.121777926,1.0235580089793483,1.0175236339901954
4.7518535,5.279414177,0.117146706,1.0094525991262664,1.0174908490483812
4.751856,5.263566494,0.119185838,1.0076124997960623,1.0174582275262056
4.7518585,5.29292345,0.11206368,1.0110238349681535,1.017425768277379
4.751861,5.344417572,0.109610201,1.017035471763112,1.0173934701628398
4.7518635,5.410173893,0.116128246,1.0247641325314973,1.0173613320507968
4.751866,5.345699787,0.120646732,1.0171856180865557,1.0173293528167668
4.7518685,5.301019669,0.118689733,1.0119666614137024,1.0172975313436032
4.751871,5.432143211,0.118998377,1.027359360622115,1.0172658665215175
4.7518735,5.361018658,0.112183164,1.0189811605946795,1.0172343572481446
4.751876,5.355157852,0.115618276,1.01829383473856,1.0172030024284975
4.7518785,5.413840294,0.110852208,1.0251967870416898,1.0171718009750275
4.751881,5.40251255,0.11305837,1.023860643267753,1.0171407518076263
4.7518835,5.382112026,0.113116319,1.021458726512626,1.0171098538536363
4.751886,5.438027382,0.124083916,1.0280555709687151,1.017079106047855
4.7518885,5.26962328,0.115398424,1.0083153663814612,1.0170485073325413
4.751891,5.360094547,0.115821816,1.0188727547032732,1.0170180566574143
4.7518935,5.31541872,0.124978829,1.0136456424625957,1.0169877529796398
4.751896,5.312181473,0.113418879,1.013267925264712,1.0169575952638703
4.7518985,5.32191515,0.109395109,1.014404061166434,1.0169275824821706
4.751901,5.338087559,0.107002808,1.016294557160058,1.016897713614055
4.7519035,5.381480217,0.118445055,1.0213844286142986,1.0168679876464604
4.751906,5.420874596,0.117332203,1.026027382990656,1.0168384035737348
4.7519085,5.354741096,0.115480574,1.0182449773500613,1.0168089603976214
4.751911,5.418498039,0.121262088,1.0257466887724798,1.016779657127239
4.7519135,5.334907532,0.115745092,1.015922545457556,1.0167504927790643
4.751916,5.388999462,0.112245582,1.022269008695953,1.0167214663769069
4.7519185,5.404797554,0.109330544,1.0241300265457187,1.016692576951881
4.751921,5.307894707,0.115258782,1.0127679683248343,1.0166638235424172
4.7519235,5.370333672,0.121272658,1.020074533369784,1.0166352051941767
4.751926,5.404898167,0.117032572,1.0241418896242798,1.0166067209600642
4.7519285,5.352005959,0.10673194,1.0179243883052822,1.0165783699001905
4.751931,5.40334034,0.115536034,1.023958224750486,1.0165501510818402
4.7519335,5.382570744,0.111144731,1.0215126730738482,1.0165220635794405
4.751936,5.276351929,0.111756401,1.0090967749690833,1.0164941064745308
4.7519385,5.352457523,0.120992294,1.0179773097648268,1.0164662788557273
4.751941,5.343010426,0.121637927,1.0168707216294237,1.0164385798186792
4.7519435,5.3125844,0.116479842,1.0133149305217564,1.0164110084660747
4.751946,5.354251385,0.103969651,1.0181875702529988,1.0163835639075423
4.7519485,5.344330788,0.108633337,1.0170253102288158,1.016356245259656
4.751951,5.406491756,0.107753071,1.0243298048572615,1.0163290516458874
4.7519535,5.392232895,0.105353696,1.0226496321907774,1.0163019821965649
4.751956,5.386876583,0.126211182,1.0220191910809195,1.0162750360488386
4.7519585,5.376104832,0.110706325,1.0207525260423644,1.0162482123466374
4.751961,5.281695366,0.102698566,1.009717748083405,1.0162215102406302
4.7519635,5.399584293,0.102187131,1.0235155293069493,1.016194928888184
4.751966,5.336877346,0.110588538,1.0161529657680082,1.0161684674533151
4.7519685,5.309726715,0.116859334,1.0129816015598228,1.016142125106684
4.751971,5.38534832,0.11000573,1.0218393848917442,1.0161159010254963
4.7519735,5.416793823,0.104244606,1.025545451765044,1.0160897943934988
4.751976,5.396677017,0.097403111,1.0231730031730502,1.0160638044009265
4.7519785,5.305975914,0.114050656,1.0125442632653112,1.0160379302444602
4.751981,5.395542622,0.112308008,1.0230393834061813,1.0160121711271832
4.7519835,5.339063644,0.107837376,1.0164087706320393,1.0159865262585364
4.751986,5.41582346,0.109828522,1.0254308871301017,1.0159609948542765
4.7519885,5.331902027,0.107091025,1.015571075174846,1.0159355761364206
4.751991,5.357135296,0.100331781,1.0185256875880633,1.0159102693332402
4.7519935,5.399073124,0.10283204,1.0234552966725594,1.0158850736791616
4.751996,5.295055389,0.096178182,1.0112720197575207,1.0158599884147572
4.7519985,5.338909626,0.108766553,1.0163907478543346,1.0158350127866929
4.752001,5.324923992,0.113816664,1.0147555174223917,1.0158101460476823
4.7520035,5.353903294,0.108036814,1.0181467667380373,1.0157853874564438
4.752006,5.314873219,0.10451951,1.0135819843490708,1.0157607362776537
4.7520085,5.401746273,0.109890024,1.0237703213446667,1.0157361917819034
4.752011,5.341886044,0.097166905,1.0167390969849048,1.0157117532456441
4.7520135,5.355068684,0.098032125,1.0182833811451601,1.0156874199511787
4.752016,5.373481274,0.109328314,1.0204442560591107,1.0156631911865626
4.7520185,5.359737873,0.099500767,1.0188309169670382,1.0156390662455967
4.752021,5.320003033,0.113469438,1.0141807742208446,1.0156150444277723
4.7520235,5.299721718,0.113642002,1.0118154523768077,1.0155911250382268
4.752026,5.309428215,0.113034568,1.0129467899486921,1.0155673073876994
4.7520285,5.318085194,0.097007856,1.0139568684601927,1.0155435907924868
4.752031,5.294142723,0.103634467,1.0111657663810827,1.0155199745743986
4.7520335,5.397264957,0.103772319,1.0232422631706652,1.0154964580607149
4.752036,5.324077606,0.10118445,1.014656640617078,1.015473040584132
4.7520385,5.360384941,0.106387876,1.0189068190873578,1.0154497214827518
4.752041,5.315305233,0.113323205,1.0136323985858813,1.0154265000999905
4.7520435,5.302127838,0.111168916,1.0120957790597362,1.015403375784566
4.752046,5.293035984,0.106383141,1.011036933832866,1.0153803478904477
4.7520485,5.443851948,0.112524556,1.028745193555007,1.015357415776813
4.752051,5.313675404,0.100963774,1.013442217434478,1.015334578808004
4.7520535,5.396972179,0.107470967,1.0232077730047986,1.0153118363534852
4.752056,5.372158051,0.101290594,1.0202888117097446,1.0152891877878005
4.7520585,5.306471825,0.102740993,1.0126020749799036,1.0152666324905237
4.752061,5.275734425,0.102473362,1.0090250380288608,1.0152441698462475
4.7520635,5.368870258,0.101139019,1.0199026838911034,1.0152217992444945
4.752066,5.408421993,0.112514004,1.0245574636327577,1.015199520079706
4.7520685,5.385941505,0.099046356,1.021909171697563,1.015177331751194
4.752071,5.312386513,0.103176578,1.0132918448534107,1.0151552336631002
4.7520735,5.331853867,0.100153641,1.0155654442297817,1.0151332252243537
4.752076,5.337767601,0.107121477,1.0162571210886309,1.015111305848631
4.7520785,5.323468208,0.10467672,1.0145854552736202,1.0150894749543153
4.752081,5.255482197,0.109773087,1.0066751117564823,1.0150677319644503
4.7520835,5.302683353,0.105593463,1.0121605107555849,1.0150460763067268
4.752086,5.378321648,0.10163901,1.0210130761310245,1.0150245074134023
4.7520885,5.309185505,0.109988853,1.0129184855503248,1.0150030247212878
4.752091,5.384645462,0.10441618,1.0217567014869837,1.0149816276717034
4.7520935,5.338948727,0.110360771,1.0163953233193403,1.0149603157104383
4.752096,5.458660126,0.109572176,1.030500550312097,1.0149390882877127
4.7520985,5.399875164,0.103751488,1.023549805124721,1.0149179448581394
4.752101,5.325162411,0.106826357,1.0147833718306658,1.0148968848806854
4.7521035,5.339280605,0.10274741,1.0164341593747754,1.0148759078186338
4.752106,5.288691044,0.103513851,1.0105313096017006,1.0148550131395395
4.7521085,5.358840942,0.1070853,1.01872571486444,1.0148342003152218
4.752111,5.365489483,0.102115017,1.019505788387124,1.0148134688216812
4.7521135,5.262122154,0.115480066,1.0074449620878327,1.0147928181390944
4.752116,5.321368694,0.103250098,1.0143402438982096,1.014772247751769
4.7521185,5.368614674,0.101132785,1.019872673496853,1.0147517571481086
4.752121,5.308536053,0.10748122,1.0128427515299105,1.0147313458205753
4.7521235,5.320333958,0.104704925,1.0142194143809378,1.0147110132656547
4.752126,5.299464703,0.105990774,1.011785513255784,1.0146907589838219
4.7521285,5.279230595,0.105175447,1.0094312639059968,1.0146705824794973
4.752131,5.323627949,0.107662873,1.0146041145465658,1.0146504832610406
4.7521335,5.327224255,0.105963726,1.0150242882422145,1.0146304608406753
4.752136,5.362406731,0.100621899,1.0191440147546094,1.0146105147344817
4.7521385,5.310165882,0.103359071,1.0130328201863792,1.0145906444623547
4.752141,5.291657925,0.099948968,1.010876540587562,1.0145708495479726
4.7521435,5.438932896,0.10348652,1.0281627525330044,1.0145511295187621
4.752146,5.303685188,0.107945251,1.0122772606048769,1.014531483905865
4.7521485,5.291204929,0.107905578,1.010823821625243,1.0145119122441055
4.752151,5.340689659,0.099867534,1.0165990620909005,1.0144924140719598
4.7521535,5.298108578,0.111179677,1.0116275558583776,1.0144729889315132
4.752156,5.291863441,0.107593081,1.0109004591232083,1.0144536363684584
